feature_1,feature_2,feature_3,feature_4,feature_5,true_label,predicted_label,predicted_probability
6.39,0.25,2.75,2.23,7.36,0,1,0.5539
4.22,0.3,2.19,5.05,0.27,1,1,0.7600
2.2,5.89,8.09,0.06,8.06,0,0,0.1701
9.57,3.37,0.93,0.97,8.47,0,0,0.4036
5.36,9.73,3.79,5.52,8.29,0,0,0.4309
7.05,0.46,2.28,2.89,0.8,0,0,0.0505
6.36,3.65,3.7,2.1,2.67,0,0,0.3240
1.71,7.29,1.63,3.79,9.9,0,0,0.2785
8.43,7.76,2.29,0.32,3.15,0,0,0.1055
8.76,3.15,6.55,3.96,9.15,0,0,0.1324
5.61,2.63,5.85,8.98,3.99,0,0,0.4988
0.91,0.47,1.1,6.27,7.92,0,0,0.0318
9.96,5.29,9.71,8.61,0.11,0,0,0.3409
2.67,6.41,1.12,4.35,4.54,0,0,0.4379
5.01,1.79,9.13,8.71,2.98,0,0,0.3045
7.63,5.39,7.79,5.3,0.01,0,0,0.0097
8.79,8.32,3.08,0.58,8.78,0,0,0.0428
0.69,7.61,7.66,1.28,4.75,0,0,0.1325
4.23,2.12,5.39,7.3,2.01,0,0,0.4976
4.38,5.18,1.21,2.25,3.38,0,0,0.1151
0.71,6.31,2.29,9.05,8.6,1,1,0.5952
2.14,1.32,9.36,5.71,4.73,0,0,0.4037
0.97,4.31,4.24,4.67,7.29,0,1,0.5079
4.03,3.39,8.62,2.49,1.9,0,0,0.2109
2.5,9.23,4.43,8.61,5.5,1,1,0.8997
9.69,9.26,8.49,1.66,4.86,0,1,0.7995
3.79,9.85,2.65,7.84,4.55,0,0,0.4787
5.56,7.18,1.55,2.97,9.69,0,0,0.2711
0.57,5.84,5.03,8.53,1.57,0,0,0.0401
5.95,6.75,2.35,1.2,8.9,0,0,0.2973
4.19,5.84,5.23,9.35,2.04,0,0,0.1193
6.72,3.0,3.16,7.52,0.73,0,0,0.4992
0.73,2.13,2.65,9.33,8.81,0,0,0.1848
8.34,7.04,6.12,9.87,6.54,1,1,0.8268
6.63,9.39,1.34,1.15,1.07,0,0,0.1362
7.18,2.04,6.34,2.64,4.89,0,1,0.5769
4.24,2.77,0.04,7.71,6.37,0,0,0.3706
4.28,0.1,0.75,8.83,9.04,0,0,0.4173
1.48,1.27,3.08,8.99,7.96,0,0,0.4495
2.5,1.03,7.8,8.84,4.06,0,0,0.0773
8.65,9.76,8.11,8.81,0.25,0,0,0.1661
8.02,8.64,8.11,2.67,7.87,1,1,0.8489
2.22,8.17,4.6,3.05,7.95,0,0,0.0118
3.28,8.64,9.67,2.79,6.41,0,0,0.4906
9.39,1.15,9.7,1.79,9.63,0,0,0.0542
7.29,3.14,6.06,5.11,3.85,0,0,0.1274
0.02,9.26,5.38,7.19,7.42,0,1,0.8179
6.64,3.3,3.14,8.48,7.2,0,0,0.1546
4.02,2.96,1.27,4.2,9.4,0,0,0.4514
3.01,5.48,0.0,2.87,4.3,0,0,0.3274
4.42,2.14,4.73,9.01,7.96,1,1,0.5339
6.33,3.35,8.18,7.51,6.73,0,1,0.9004
2.45,4.75,8.5,0.73,4.14,0,0,0.0972
4.94,2.44,6.56,0.06,7.51,0,0,0.0533
1.76,9.58,5.18,0.5,2.49,0,0,0.2282
6.68,9.88,5.95,9.5,8.91,0,0,0.3596
8.31,5.48,8.97,7.44,4.75,0,0,0.1236
7.66,5.21,6.27,2.75,0.77,0,0,0.1359
5.4,1.38,2.31,6.94,7.06,1,1,0.6630
4.16,2.07,4.2,9.05,5.84,0,0,0.4284
3.8,0.06,3.52,7.53,8.53,0,0,0.2095
5.46,6.03,2.21,2.19,4.36,1,1,0.6345
4.04,1.65,4.67,1.28,6.22,1,1,0.6576
0.27,6.43,1.36,4.62,0.5,0,0,0.1058
7.61,3.79,7.52,8.32,2.52,1,1,0.5078
10.0,3.5,6.5,7.81,6.52,0,0,0.4748
0.2,1.52,1.26,6.69,5.64,0,0,0.3497
1.68,6.07,7.48,1.15,8.19,0,1,0.9460
3.12,6.77,9.58,3.97,7.15,1,1,0.7762
1.02,7.72,8.5,6.0,1.21,0,0,0.3913
4.28,3.71,5.06,3.41,8.5,0,0,0.0528
6.36,8.29,7.07,4.35,7.34,0,0,0.1350
5.38,4.83,4.36,7.31,2.68,0,1,0.5846
8.82,2.44,4.65,6.1,3.79,1,1,0.8404
2.12,7.98,3.4,8.8,7.01,0,0,0.0051
0.86,7.2,4.89,7.58,6.91,0,0,0.2454
0.93,2.22,6.92,3.06,5.82,0,0,0.2655
7.46,3.31,7.03,2.71,2.51,1,0,0.4230
5.36,7.62,1.85,2.16,4.84,0,0,0.4883
2.83,1.01,1.94,2.27,1.79,1,1,0.7137
9.74,5.53,6.97,1.26,8.68,0,0,0.4364
4.69,4.4,1.84,0.51,9.41,0,0,0.4111
0.74,6.29,0.54,1.49,5.63,0,1,0.5030
7.64,6.06,7.91,2.26,5.23,0,0,0.2214
9.9,3.05,6.21,6.1,7.4,0,0,0.1039
6.6,1.57,1.74,0.75,0.03,0,0,0.2969
2.31,7.07,7.03,4.54,6.87,0,0,0.3939
6.61,9.34,4.25,5.45,6.48,0,1,0.5867
1.66,3.08,7.49,5.69,2.89,1,1,0.7755
9.43,5.0,4.94,0.8,0.4,0,0,0.1612
0.91,9.62,8.36,5.75,9.51,0,0,0.3361
0.4,7.56,4.71,6.52,9.16,1,1,0.7341
4.92,0.91,3.48,3.33,6.7,0,0,0.1649
2.88,9.45,8.14,5.5,4.55,0,0,0.1616
4.04,5.15,9.88,6.58,5.43,0,0,0.0938
7.56,6.25,7.6,2.04,5.49,0,0,0.2191
1.21,9.73,6.09,2.39,1.58,0,1,0.7239
9.92,9.13,4.61,1.17,8.32,0,0,0.3583
2.73,8.35,9.8,2.44,5.51,0,0,0.4609
8.79,8.64,2.76,7.9,4.15,0,0,0.2539
2.83,2.99,5.87,9.99,4.9,1,1,0.7154
5.52,5.43,4.55,3.22,1.89,0,0,0.2859
7.76,0.44,7.45,7.05,8.11,0,0,0.3318
9.81,4.95,0.37,5.02,5.9,0,0,0.4371
5.26,4.57,7.22,4.1,6.55,1,1,0.6878
3.39,6.93,6.5,8.52,8.52,0,0,0.1900
7.19,7.59,8.72,0.36,0.68,0,0,0.4605
7.47,4.34,0.98,6.34,8.73,0,0,0.3470
0.46,7.96,2.93,3.75,1.46,0,0,0.2830
1.7,0.79,8.71,6.2,2.41,0,0,0.0716
2.54,2.55,0.09,8.05,9.01,0,0,0.0790
3.46,5.88,6.39,4.24,2.5,0,0,0.0996
4.83,2.37,5.72,5.75,9.93,0,0,0.4890
2.74,5.66,6.86,7.45,0.49,0,0,0.2484
2.86,7.99,6.07,3.52,6.37,0,0,0.3389
6.59,8.38,6.28,9.03,6.46,0,0,0.2204
7.32,0.9,2.95,7.47,1.76,1,1,0.7158
5.31,9.13,8.3,2.57,8.25,0,0,0.4032
3.39,1.15,9.63,1.41,9.67,0,0,0.3621
9.67,8.05,3.66,7.91,0.14,0,0,0.2274
6.72,5.85,8.22,9.4,1.08,0,0,0.0125
5.61,9.15,2.21,0.63,8.24,0,0,0.1511
1.4,9.46,3.04,4.93,0.97,0,0,0.0678
6.7,7.43,9.46,4.19,7.42,1,0,0.3340
4.89,4.08,9.52,0.33,3.71,0,0,0.4753
0.99,6.86,5.44,9.78,3.59,0,1,0.9051
8.48,4.55,6.63,6.42,5.97,1,1,0.8147
1.26,5.65,0.69,7.65,2.07,0,0,0.4348
1.48,9.01,0.03,8.58,1.45,1,1,0.6003
6.61,0.26,0.15,7.9,2.38,0,1,0.9129
7.42,5.26,7.46,4.76,7.78,0,0,0.0545
9.45,0.43,7.83,8.67,5.21,0,1,0.5180
4.79,4.02,6.86,4.9,9.1,1,1,0.5323
0.66,2.75,6.33,5.48,3.25,0,0,0.2653
6.05,0.99,7.02,8.53,6.51,0,0,0.3604
4.52,2.28,3.39,4.53,4.16,1,1,0.6707
3.74,1.53,9.23,0.67,8.32,1,1,0.5386
8.12,5.56,5.86,5.62,3.3,1,1,0.6414
7.5,8.68,7.21,9.68,6.0,0,0,0.2890
6.57,2.24,1.08,8.45,3.68,0,0,0.2871
8.45,9.75,8.18,6.14,6.43,1,1,0.8716
2.67,1.8,7.03,3.09,3.4,1,1,0.8479
4.01,1.42,6.33,0.31,7.46,0,0,0.2099
3.7,7.22,7.77,5.68,0.85,1,1,0.5630
6.74,2.72,6.62,4.86,4.42,0,1,0.6225
4.3,2.83,6.78,4.87,6.67,1,1,0.6581
0.08,3.01,2.11,1.37,2.56,0,0,0.0039
1.76,3.8,7.04,5.0,8.33,0,0,0.0360
0.42,0.19,9.21,8.62,5.76,0,0,0.3547
1.15,0.21,3.25,8.01,6.18,0,1,0.5401
8.44,2.43,5.89,5.24,3.96,0,0,0.1698
1.68,5.1,1.14,5.1,9.06,0,0,0.3637
8.15,2.36,1.46,1.97,6.02,0,0,0.3278
7.73,4.94,7.54,7.6,4.49,0,0,0.2822
6.25,8.64,6.27,1.51,0.68,0,0,0.1514
0.56,5.07,3.1,4.52,0.57,0,0,0.0384
8.55,6.15,5.07,4.63,5.54,0,0,0.4479
8.1,6.52,3.22,4.76,1.51,1,1,0.5414
3.43,7.14,5.05,1.73,2.48,0,0,0.2197
1.59,3.73,2.83,4.09,3.38,0,0,0.3946
0.66,0.95,6.78,2.84,7.24,0,0,0.4532
3.33,5.83,1.41,3.5,9.68,0,0,0.1960
9.38,3.1,3.77,7.92,8.13,0,0,0.4145
6.85,5.26,6.46,4.23,3.62,0,0,0.0901
9.48,4.86,2.27,1.38,0.77,0,0,0.0506
8.35,8.84,0.38,3.37,7.66,1,1,0.6507
8.31,7.71,8.09,1.66,4.38,0,0,0.3382
4.44,2.85,7.49,4.49,5.34,0,0,0.4043
8.35,3.68,9.47,9.84,4.62,0,0,0.1909
9.66,8.17,8.01,1.38,2.5,0,0,0.4371
1.03,8.46,8.51,2.85,7.63,0,1,0.5473
4.37,9.46,2.22,4.51,3.5,1,1,0.5213
2.36,9.95,3.75,0.28,9.31,0,0,0.3250
1.38,2.87,8.3,6.96,1.39,0,1,0.7757
0.79,2.56,8.35,5.49,7.27,0,0,0.0556
3.01,0.48,4.2,7.94,4.57,1,1,0.8621
0.16,5.15,2.42,1.44,4.29,0,0,0.1203
6.64,0.86,9.75,0.68,5.26,0,0,0.4942
3.9,4.7,6.36,9.81,2.54,1,1,0.8154
7.33,6.28,7.72,7.35,3.33,1,1,0.7184
1.75,7.79,4.65,6.95,6.32,0,0,0.0316
4.58,2.93,0.44,1.99,0.42,0,0,0.2577
5.43,2.53,7.53,1.91,3.57,0,0,0.4329
1.24,3.68,8.89,7.43,8.95,0,0,0.4869
4.98,9.24,5.19,8.01,7.27,1,1,0.7410
5.45,3.21,0.8,6.61,3.06,0,0,0.2131
3.52,0.42,8.7,3.53,9.98,0,0,0.4900
0.75,6.38,3.63,8.01,6.79,0,0,0.0714
7.81,0.35,0.67,7.79,3.66,0,0,0.2836
6.79,9.49,3.72,7.63,5.74,0,0,0.1990
2.5,1.13,7.36,4.99,3.87,0,0,0.1309
4.46,9.96,2.86,9.16,4.91,1,1,0.8411
8.99,4.45,0.88,6.82,8.46,0,1,0.8263
5.42,8.91,8.51,7.12,9.27,0,0,0.3968
1.21,2.01,1.39,7.9,0.26,0,0,0.1845
5.52,6.12,0.86,3.09,10.0,0,0,0.2628
8.23,0.74,9.72,6.42,4.5,0,0,0.1723
7.8,6.4,1.82,9.66,4.33,0,1,0.9723
1.53,1.65,3.23,7.09,3.46,0,0,0.4475
2.51,6.35,5.51,1.25,3.03,0,0,0.2513
9.42,1.54,6.59,7.21,6.05,0,0,0.2818
0.28,0.45,6.41,5.77,6.51,0,0,0.2083
4.98,6.27,2.9,9.57,4.83,0,0,0.3425
0.73,0.6,4.4,4.84,2.04,0,0,0.1563
7.34,8.61,9.75,1.31,3.71,0,0,0.1596
2.67,2.48,0.97,2.9,3.84,0,0,0.1241
1.6,3.27,5.78,3.13,7.63,0,0,0.2574
3.09,0.23,9.45,5.05,9.67,0,1,0.8236
4.95,8.82,6.54,4.71,5.37,0,0,0.2155
7.28,7.64,3.66,4.01,5.7,1,0,0.2787
5.04,7.64,2.8,9.89,6.8,1,1,0.8900
7.95,3.39,9.39,7.55,1.99,0,1,0.7500
1.37,3.33,4.74,4.57,6.06,0,0,0.1640
1.63,9.91,7.39,2.99,3.36,0,0,0.2662
3.0,8.16,3.68,6.74,9.8,0,0,0.3984
6.88,0.27,4.75,9.67,7.83,0,0,0.2888
5.84,1.71,6.29,6.2,8.41,1,0,0.2277
9.48,1.1,0.19,3.14,1.51,0,0,0.2052
9.21,8.73,7.36,0.62,1.38,0,0,0.1625
5.25,3.14,1.73,9.12,3.42,0,0,0.3860
6.43,6.93,6.1,1.92,2.47,0,0,0.1124
2.98,2.89,2.07,7.05,3.17,0,0,0.4669
2.73,1.22,6.77,3.8,9.8,0,0,0.4773
2.9,2.88,7.14,3.46,4.42,0,0,0.2395
5.39,9.33,6.96,1.37,6.16,0,0,0.1212
5.31,6.38,0.52,4.13,7.17,1,0,0.1917
5.5,9.29,4.07,9.35,8.78,0,0,0.0997
3.21,6.46,9.08,0.89,5.74,0,0,0.3616
9.13,1.75,8.82,1.76,9.2,0,0,0.1985
9.37,9.62,9.26,8.77,0.09,0,0,0.0537
2.85,9.89,5.43,4.94,9.39,0,0,0.2340
1.13,1.62,4.59,2.57,1.86,0,0,0.3954
7.57,1.75,8.56,8.97,8.27,0,0,0.0434
1.85,1.41,3.24,2.48,2.61,0,0,0.3769
3.02,7.23,0.11,6.54,6.93,1,1,0.5473
4.05,5.03,8.95,7.04,3.11,1,1,0.8665
6.15,2.19,1.34,1.53,7.48,0,0,0.2079
4.71,5.38,6.64,2.18,2.47,0,1,0.5634
4.47,7.04,0.78,5.64,0.62,0,0,0.2527
1.5,3.28,5.2,1.16,2.05,0,0,0.0455
8.09,4.53,5.13,4.57,0.58,0,0,0.4035
3.96,8.16,7.46,5.78,0.45,0,0,0.0319
9.35,0.69,9.34,0.32,4.09,0,0,0.3829
6.46,4.2,9.93,3.82,8.7,0,0,0.1878
6.62,5.39,6.54,3.48,1.78,0,0,0.2644
2.23,0.03,0.23,2.98,6.73,0,0,0.2660
2.48,3.46,2.76,9.37,7.25,1,1,0.8238
7.66,8.84,0.16,2.06,1.01,1,1,0.7391
0.49,7.41,4.02,2.34,2.17,0,0,0.0282
2.89,8.16,7.32,3.19,5.98,0,0,0.1603
1.43,6.6,2.21,3.01,0.61,0,0,0.4399
6.26,4.27,4.96,9.72,9.42,0,0,0.3929
4.16,1.49,3.76,7.54,4.74,0,0,0.1504
8.06,9.15,5.62,9.68,5.57,1,1,0.5971
6.47,9.22,8.47,0.92,7.25,1,1,0.6074
6.03,8.74,1.88,7.62,7.24,0,0,0.2397
3.33,9.57,0.15,9.37,9.62,1,1,0.8998
2.43,6.04,2.05,9.15,5.52,0,0,0.1903
3.59,2.62,5.13,4.97,0.99,0,0,0.2347
9.14,3.71,4.14,5.63,2.21,1,1,0.6043
5.79,4.18,1.52,3.3,3.8,0,0,0.2497
6.85,2.57,8.22,9.67,6.42,0,0,0.0841
1.69,7.2,4.88,9.17,5.42,0,1,0.9706
8.47,9.45,6.68,7.64,4.12,0,0,0.1157
0.09,5.06,3.73,6.18,6.67,0,0,0.2416
0.07,5.52,0.12,5.29,2.75,0,0,0.0086
6.74,8.06,9.1,1.07,0.96,1,1,0.5768
8.15,2.67,3.97,3.73,4.06,0,0,0.4951
6.84,8.48,6.54,8.58,7.6,1,1,0.6517
0.56,0.09,1.71,5.0,4.34,0,0,0.2829
0.95,5.28,0.43,2.11,8.68,0,1,0.7622
0.74,9.26,8.99,5.64,0.33,0,0,0.1572
5.87,7.52,7.13,3.98,0.77,1,1,0.5962
3.89,8.97,3.32,7.56,1.4,0,0,0.3621
9.74,0.54,4.37,8.39,3.41,0,0,0.4774
7.74,0.3,2.73,9.93,4.91,0,0,0.4706
6.8,6.61,0.86,6.19,7.98,0,0,0.0410
7.12,6.34,7.4,3.17,1.07,1,1,0.6233
2.7,1.33,1.87,4.49,5.55,0,0,0.0131
0.93,5.98,3.24,3.85,2.92,0,0,0.0423
9.05,9.78,5.72,1.7,3.81,1,1,0.6205
0.63,4.35,4.21,4.84,0.77,0,0,0.1233
5.94,1.96,1.07,3.05,9.49,0,0,0.3101
3.3,3.35,8.15,8.6,9.74,1,1,0.6283
2.01,3.14,9.65,9.69,2.91,0,0,0.2455
2.42,3.76,8.16,3.93,1.14,0,0,0.2961
6.82,5.5,9.53,4.62,7.08,0,0,0.1457
8.19,7.96,4.09,4.99,6.33,0,0,0.3293
7.89,0.74,9.91,4.79,4.01,0,0,0.4602
5.44,7.91,3.6,8.96,5.37,0,0,0.0425
6.58,3.55,6.47,0.44,9.84,0,0,0.1998
9.66,4.3,0.11,2.59,5.11,0,0,0.2903
4.46,3.91,7.72,5.89,5.0,0,1,0.9877
4.16,9.62,1.16,9.41,1.42,0,0,0.2277
4.83,4.76,4.38,6.97,3.19,0,1,0.5949
8.49,6.48,6.77,1.64,9.84,0,0,0.0872
5.6,9.58,2.32,4.05,1.84,0,1,0.7839
6.14,1.97,5.92,3.89,7.05,0,0,0.3762
0.63,1.02,8.72,1.87,3.26,0,0,0.1312
5.28,6.39,5.97,6.11,5.87,0,0,0.4228
8.14,7.06,2.97,6.14,0.85,1,1,0.5471
1.83,6.93,5.11,4.18,1.38,0,0,0.0929
6.93,6.45,10.0,5.55,4.9,1,1,0.6258
0.54,3.59,0.1,1.37,8.15,0,0,0.2527
6.85,4.16,8.4,4.89,0.83,1,1,0.8044
2.75,5.38,1.68,4.57,7.43,0,1,0.7251
1.14,7.75,8.23,3.67,8.23,1,1,0.7876
9.9,1.02,8.3,7.51,2.98,0,0,0.2249
8.17,4.39,9.94,7.76,2.37,0,0,0.2940
7.11,6.33,1.66,1.39,2.07,0,0,0.0297
2.81,5.39,3.24,7.04,2.89,0,0,0.4290
6.79,0.95,9.63,7.86,9.19,0,1,0.5665
8.66,2.5,7.11,8.28,7.61,0,0,0.2447
2.69,4.14,4.52,6.34,8.8,1,1,0.7062
9.36,3.69,9.5,3.27,0.02,0,0,0.3664
4.58,6.64,3.58,0.63,5.34,0,0,0.2148
2.69,8.28,3.38,5.78,5.66,0,0,0.1719
0.48,1.0,7.84,4.6,1.24,0,1,0.7794
9.58,2.02,6.89,1.32,6.5,1,1,0.8731
6.55,2.5,3.72,9.04,1.66,0,0,0.1528
2.34,6.55,7.04,0.01,4.77,1,1,0.5905
0.09,6.96,8.17,9.88,4.22,1,1,0.5283
7.31,1.02,3.13,8.81,1.37,0,1,0.6234
9.93,1.43,5.31,0.08,6.5,0,0,0.3612
1.51,4.12,6.87,8.6,0.87,1,1,0.8010
3.84,9.63,3.15,1.4,2.77,1,1,0.7214
6.08,7.79,6.9,8.48,6.58,0,0,0.2589
7.48,2.96,0.55,8.98,9.55,0,0,0.0564
5.94,5.28,9.78,9.87,9.34,1,1,0.8443
3.65,6.83,7.63,9.54,7.7,1,1,0.5270
0.4,0.6,7.89,5.07,6.29,0,0,0.2077
0.82,5.37,6.16,2.77,3.1,0,0,0.1016
5.36,3.91,6.34,8.35,6.81,1,1,0.7795
8.46,0.58,0.86,4.34,4.53,0,0,0.1546
7.41,1.19,7.08,7.01,1.64,0,0,0.2615
7.21,1.67,1.27,7.81,2.69,0,1,0.6143
8.07,2.72,0.64,7.12,5.77,1,1,0.6821
5.0,5.67,3.68,2.55,1.03,0,0,0.3614
5.09,0.44,8.63,2.45,4.72,0,0,0.0750
8.57,5.53,9.14,7.41,4.19,0,0,0.2081
2.71,0.78,3.73,5.02,9.02,1,1,0.8217
9.54,0.69,4.65,2.82,8.45,0,1,0.7235
2.01,5.64,3.04,6.23,4.64,0,0,0.2467
1.95,9.0,7.6,2.45,0.06,0,0,0.1165
8.4,8.77,9.51,0.01,6.57,0,1,0.6364
5.3,2.38,4.92,0.6,9.97,0,0,0.0465
8.97,5.2,7.01,3.72,9.75,1,0,0.4618
8.2,0.75,5.68,4.35,9.64,0,0,0.1305
8.01,7.01,7.35,3.18,2.72,1,1,0.5811
5.85,1.55,1.64,4.66,4.07,0,0,0.4823
3.08,2.65,1.2,1.58,6.86,0,1,0.6516
8.36,3.28,0.91,2.48,3.56,0,0,0.3386
9.91,0.31,4.04,4.52,7.48,0,0,0.2310
1.4,0.12,8.3,9.83,1.31,0,0,0.1861
6.45,5.82,2.59,8.13,0.22,1,1,0.8610
1.29,9.05,8.29,3.32,0.43,0,0,0.0840
8.22,3.95,0.29,6.83,1.73,0,0,0.0936
8.83,0.35,6.19,2.46,2.95,0,1,0.7247
2.8,1.37,1.99,8.85,5.26,0,0,0.4011
9.89,7.82,3.59,5.45,4.85,0,0,0.2512
1.8,3.19,2.19,8.96,7.79,1,1,0.8966
7.67,10.0,9.74,1.0,6.57,0,0,0.4081
0.56,9.96,2.19,8.47,7.97,0,0,0.4196
1.76,5.93,8.06,6.98,9.14,1,1,0.7802
5.64,5.63,1.88,9.88,8.82,0,0,0.1545
0.9,2.33,2.19,5.26,0.01,0,1,0.8993
7.17,9.19,8.44,3.24,0.22,0,0,0.4586
8.46,8.61,9.61,3.74,9.42,0,0,0.0505
1.36,1.58,9.49,7.92,9.61,0,0,0.0871
6.94,9.29,7.87,2.23,5.89,1,1,0.6227
1.27,7.29,9.49,9.49,3.92,0,1,0.5174
6.02,9.21,9.68,2.21,5.66,0,0,0.0703
2.38,9.82,1.68,8.85,0.89,0,0,0.3196
4.47,2.65,2.5,0.68,2.57,1,1,0.5005
7.33,9.69,8.85,4.93,3.79,0,0,0.0507
8.64,6.51,6.87,1.63,0.74,0,0,0.1475
9.52,0.74,1.7,3.75,7.32,0,1,0.5509
5.94,6.14,4.83,0.31,9.42,1,1,0.8559
1.01,2.06,1.9,6.97,7.22,0,0,0.1326
2.38,0.5,5.72,8.4,1.54,0,0,0.2138
6.62,6.0,2.0,0.26,1.71,0,0,0.0410
3.08,3.97,4.89,6.61,0.91,0,0,0.0924
3.69,4.46,2.63,4.65,2.26,0,0,0.0308
6.67,0.86,3.44,5.41,9.71,0,0,0.2768
8.18,4.19,5.36,8.67,4.75,0,1,0.7619
9.03,7.14,5.02,9.0,8.0,0,1,0.6899
7.57,1.73,9.84,9.72,8.08,1,1,0.6693
4.35,9.97,6.27,8.34,2.58,0,1,0.5429
3.88,3.97,3.26,2.76,4.58,0,0,0.3933
5.23,4.2,4.14,1.48,5.88,0,0,0.4698
5.63,1.01,2.86,5.36,3.44,0,0,0.1915
6.09,0.37,2.75,1.44,6.09,0,0,0.0194
3.31,2.38,7.46,9.21,8.97,1,1,0.8270
2.8,4.92,6.96,0.98,8.69,1,1,0.8897
8.26,2.69,4.17,6.46,1.88,0,0,0.4120
7.59,8.67,8.21,5.15,1.59,0,1,0.7466
8.51,8.79,0.29,1.93,8.33,0,0,0.1247
9.18,7.05,2.74,8.24,5.05,0,1,0.9381
3.72,5.94,1.78,8.7,5.87,0,0,0.0818
7.49,6.89,2.85,3.87,1.63,0,0,0.4825
6.47,6.78,2.69,4.1,0.2,0,1,0.6162
9.12,6.47,6.01,0.08,2.52,0,0,0.1527
6.43,4.24,3.76,3.49,2.52,0,0,0.3386
3.97,1.02,5.12,6.62,8.43,0,0,0.3237
2.98,1.08,0.64,9.88,6.41,0,0,0.1306
8.92,2.99,1.5,7.65,9.0,0,0,0.4012
6.61,6.81,7.21,6.55,9.97,0,0,0.2093
0.35,7.08,5.72,1.9,7.27,0,0,0.2673
9.07,6.72,5.07,8.45,8.41,0,1,0.9094
1.28,2.59,8.08,7.63,1.83,0,1,0.8322
3.55,7.44,3.07,7.88,3.31,0,0,0.1470
4.71,8.66,5.84,9.44,0.71,0,0,0.2502
3.82,2.98,0.54,8.54,1.37,0,0,0.2046
9.07,4.58,3.16,7.16,7.79,0,0,0.3155
6.34,0.05,2.74,7.61,1.69,0,0,0.2448
0.88,6.14,6.33,4.03,9.65,0,0,0.0189
3.73,0.14,3.22,8.33,1.91,0,0,0.3133
6.94,3.44,1.29,3.84,5.89,1,1,0.8295
2.91,7.28,5.96,3.38,8.88,0,0,0.1714
3.59,1.88,9.48,9.18,4.03,0,1,0.6364
7.34,5.9,1.69,3.67,6.51,1,1,0.8506
5.35,0.49,9.95,6.62,6.54,1,1,0.7759
3.8,5.47,4.74,1.53,6.95,0,0,0.1506
6.62,2.7,6.06,1.37,8.31,1,0,0.2125
1.14,1.06,1.99,2.0,2.63,0,0,0.1008
2.95,0.39,4.96,2.08,9.33,0,0,0.0014
9.07,8.35,6.69,1.49,0.9,0,1,0.6382
2.56,2.31,9.89,2.96,4.64,1,0,0.4301
2.91,8.02,3.13,7.39,0.95,0,0,0.0229
6.63,1.71,3.58,4.38,6.22,0,0,0.0465
1.83,4.01,9.62,2.72,3.86,0,0,0.3999
7.97,1.13,6.96,0.59,9.42,1,1,0.6664
8.02,6.78,1.81,3.8,3.59,1,1,0.7738
9.73,1.31,9.2,1.13,4.11,1,1,0.6046
7.05,6.78,7.68,5.77,5.65,0,0,0.3349
5.23,7.01,0.95,6.62,2.49,0,0,0.3381
8.39,5.58,9.88,0.55,6.43,1,1,0.8395
8.69,0.75,4.92,2.41,9.7,1,1,0.5891
4.03,2.35,4.59,8.01,4.48,0,1,0.7765
4.97,6.53,1.03,4.12,5.57,1,1,0.5364
6.19,3.05,5.08,2.07,6.71,0,1,0.8183
2.23,4.54,5.6,6.2,4.73,0,1,0.6420
7.59,2.22,3.41,8.3,9.64,0,0,0.2610
0.46,1.64,1.4,7.17,7.22,1,1,0.7443
9.3,3.93,4.57,7.81,7.17,1,1,0.6658
8.37,5.89,7.72,4.51,6.58,0,0,0.0673
5.3,0.49,9.35,8.39,4.83,0,0,0.4606
5.79,7.3,1.28,3.87,6.01,0,0,0.2521
9.8,9.16,7.62,2.74,9.64,0,1,0.7736
4.13,7.0,7.48,2.99,7.01,0,0,0.3559
6.33,2.01,6.24,2.91,3.45,0,0,0.4907
9.58,5.04,6.94,3.22,1.15,0,0,0.2402
6.67,4.17,7.48,8.41,2.86,0,0,0.4042
0.25,1.45,6.7,2.0,7.5,1,1,0.6146
8.39,6.91,2.95,7.54,0.32,0,0,0.0512
7.39,8.65,7.42,5.61,2.38,0,0,0.3994
6.64,9.26,3.88,9.57,9.76,0,1,0.7239
2.51,6.21,7.81,8.7,8.3,0,0,0.3523
7.55,5.47,6.03,7.76,9.64,0,0,0.0887
1.87,1.74,5.14,3.77,4.29,0,0,0.0650
2.55,3.31,7.1,1.55,1.54,0,0,0.0254
6.16,6.62,4.91,5.73,3.58,0,0,0.1589
1.84,0.68,5.05,4.16,5.37,1,1,0.5885
3.32,3.61,2.18,7.53,5.3,0,0,0.4118
0.09,6.69,4.46,9.04,6.14,0,0,0.4794
3.21,9.16,9.45,3.86,5.4,0,0,0.4557
3.75,8.03,4.46,0.44,8.98,1,1,0.7056
1.67,9.56,5.38,0.07,0.65,0,0,0.3868
4.24,1.04,5.38,7.03,9.76,0,0,0.3233
7.47,1.54,4.59,3.32,0.88,1,1,0.8177
5.75,2.28,2.59,3.88,6.3,0,0,0.0084
5.35,6.41,6.18,7.56,5.86,0,0,0.0363
1.06,7.87,3.01,0.87,7.65,0,0,0.1976
4.74,5.33,1.36,3.91,7.97,0,1,0.5199
6.77,9.14,7.95,7.29,3.73,0,0,0.2768
1.23,0.05,5.97,5.37,9.47,0,0,0.3741
3.44,4.13,6.46,5.13,1.61,0,0,0.4174
1.81,8.0,8.52,8.51,9.32,0,0,0.2306
2.91,0.67,0.98,7.26,4.87,0,0,0.0641
1.0,6.2,9.0,3.18,4.51,0,0,0.1528
5.66,3.64,3.16,4.28,0.05,0,0,0.1108
4.36,8.4,1.34,7.33,8.78,0,0,0.1794
5.52,1.76,6.07,8.42,8.59,1,1,0.7154
8.86,0.76,0.75,0.19,5.07,1,1,0.7328
5.9,9.06,5.52,5.43,9.99,0,0,0.3876
2.23,7.72,7.33,2.91,4.65,0,0,0.1984
6.63,8.48,8.07,6.14,1.66,0,0,0.2231
9.49,6.59,9.68,7.36,4.84,0,0,0.1094
0.63,3.69,0.43,2.07,9.08,0,0,0.2348
0.46,9.81,3.24,7.04,5.21,0,0,0.4174
5.44,1.74,6.54,3.65,6.53,0,0,0.2583
9.07,5.16,3.53,8.68,4.87,0,0,0.3021
1.39,1.66,0.77,6.43,2.12,1,1,0.6449
1.18,2.3,8.11,7.2,4.82,0,0,0.1054
8.33,0.22,0.43,5.73,1.61,0,0,0.0196
0.56,2.58,1.8,9.58,5.99,0,0,0.0093
6.62,2.83,0.86,4.49,9.93,0,0,0.0853
6.01,7.95,8.2,1.82,6.6,0,0,0.3621
4.53,5.91,2.3,3.85,1.09,0,0,0.4298
4.2,1.5,0.96,4.76,6.15,1,1,0.8135
1.18,4.82,1.3,6.03,8.28,0,0,0.3874
5.22,3.7,0.43,5.3,2.29,0,0,0.3948
5.89,7.41,7.62,6.97,0.98,1,1,0.6909
8.59,2.83,8.77,4.09,1.89,0,0,0.3947
1.18,0.07,6.55,6.88,3.16,0,0,0.0774
2.54,8.55,4.24,3.66,2.76,0,0,0.3775
7.84,4.82,3.7,5.55,2.54,0,0,0.1722
7.36,8.55,6.59,7.48,4.47,0,0,0.0809
4.01,3.38,5.51,6.97,7.07,1,0,0.1142
0.91,1.45,9.26,4.35,0.64,0,1,0.9600
3.84,9.84,6.14,5.21,7.12,0,0,0.4729
6.4,4.39,2.02,6.57,8.04,0,0,0.0168
5.16,2.32,1.69,0.36,2.39,1,1,0.5630
7.8,3.53,3.95,5.86,5.18,0,1,0.9657
2.84,8.3,9.15,3.48,9.63,0,0,0.3032
9.3,5.75,2.61,4.07,1.06,1,1,0.6177
8.03,9.57,8.76,8.13,5.75,0,0,0.4830
7.7,7.57,9.61,4.59,4.61,0,1,0.9863
0.68,6.34,9.94,6.77,2.3,0,0,0.4777
0.1,8.32,2.48,0.93,6.74,0,0,0.0380
4.77,3.54,8.94,2.69,9.47,0,0,0.4550
2.0,7.35,8.73,2.07,2.03,0,0,0.3093
1.07,9.2,6.76,6.63,6.14,0,1,0.7293
4.82,6.21,4.92,9.85,8.97,0,0,0.2454
9.16,2.8,2.22,5.77,0.54,0,0,0.2392
5.02,3.94,6.86,1.75,9.77,0,0,0.2300
0.12,2.11,5.81,3.25,6.13,0,0,0.2743
4.71,6.13,3.66,4.99,2.11,0,0,0.1862
2.8,1.8,1.31,5.76,2.29,1,1,0.6080
4.32,3.81,1.46,9.59,1.5,0,0,0.0883
9.96,8.49,5.17,7.21,7.85,0,0,0.2811
3.98,6.91,0.6,8.14,4.77,0,0,0.2249
3.61,5.6,9.32,2.58,0.2,1,1,0.8469
1.99,5.76,6.49,1.75,7.8,0,0,0.3366
7.37,8.9,3.81,2.87,6.32,1,1,0.5670
3.37,6.31,5.72,8.49,0.71,1,1,0.5913
2.91,2.67,6.45,2.71,4.45,0,0,0.1816
9.66,4.14,1.84,0.23,7.28,0,0,0.4702
0.8,1.67,1.03,0.64,8.79,0,0,0.0132
7.65,0.83,2.62,1.55,6.55,0,0,0.1547
2.84,6.26,1.31,8.39,0.29,0,0,0.4302
4.76,9.75,5.41,2.72,4.45,0,0,0.3488
5.98,6.31,6.36,5.64,5.23,0,0,0.1548
5.4,8.05,4.42,3.66,2.6,0,0,0.0000
8.48,3.44,4.69,0.08,9.22,0,1,0.7615
4.3,2.93,2.31,0.07,3.74,0,0,0.2803
1.63,7.37,3.9,3.78,2.63,0,0,0.1198
9.1,8.08,6.85,2.85,7.43,0,0,0.2065
1.82,2.9,6.37,6.18,2.72,0,1,0.9061
0.5,5.35,1.86,1.02,2.69,0,0,0.3636
1.51,4.94,3.42,3.12,7.99,0,0,0.2318
3.3,8.44,9.52,0.56,7.76,1,1,0.6881
8.42,8.17,8.28,1.22,7.68,0,0,0.3856
7.38,0.34,4.61,7.71,5.21,0,0,0.2364
3.12,3.23,6.29,0.42,9.37,0,0,0.1267
1.99,8.88,8.64,2.18,1.13,0,0,0.1623
2.76,1.2,7.89,0.09,0.42,0,0,0.2376
3.71,0.89,1.58,0.91,6.19,0,0,0.4985
0.6,6.45,7.01,7.91,1.26,0,0,0.4908
7.57,8.06,4.39,1.93,6.89,0,0,0.0674
4.85,4.38,2.95,6.97,1.9,1,1,0.6391
2.75,8.31,9.14,5.55,0.69,1,1,0.6183
3.67,0.01,6.38,3.79,1.86,1,1,0.8427
2.39,7.21,6.58,5.39,3.87,0,0,0.2488
6.13,3.23,6.41,1.1,5.23,1,0,0.1659
8.73,2.02,4.85,0.99,5.71,0,0,0.3290
7.01,2.56,3.66,6.06,0.71,0,0,0.1044
8.9,0.8,8.01,0.61,5.58,0,0,0.2080
7.08,8.24,2.66,0.41,0.7,0,0,0.4723
0.97,7.25,5.32,1.89,5.26,0,0,0.3127
7.49,4.15,1.06,6.39,3.58,0,0,0.3326
1.67,1.8,4.02,3.38,1.58,0,0,0.2215
3.15,9.91,3.25,3.72,7.64,0,0,0.3629
5.63,2.14,7.66,9.26,2.54,0,0,0.2237
7.26,9.83,5.96,5.18,9.93,0,0,0.1502
8.56,0.22,8.22,6.9,2.76,0,0,0.2782
1.55,0.38,3.56,1.38,3.67,0,0,0.1165
0.92,4.0,9.18,7.34,7.24,0,0,0.0865
6.9,5.76,9.08,5.95,3.0,0,1,0.7119
0.56,7.71,3.48,8.17,4.17,0,0,0.4349
6.53,6.02,0.11,7.77,3.82,0,0,0.0206
1.5,5.02,2.21,0.51,7.32,0,0,0.2228
5.05,2.22,2.9,3.94,1.32,1,0,0.2714
3.99,0.85,5.02,7.74,1.3,1,1,0.7237
6.52,1.96,6.16,7.36,2.46,1,1,0.8107
9.24,0.9,6.72,4.24,3.48,0,1,0.7031
3.05,9.88,6.16,9.9,4.42,1,1,0.5180
2.0,3.74,7.58,8.53,1.12,1,1,0.8796
8.69,8.2,0.14,6.94,1.11,0,0,0.0114
5.38,2.04,5.23,2.59,4.83,0,0,0.0707
0.18,5.83,6.64,0.43,1.7,0,0,0.3946
0.53,6.55,0.08,3.89,2.71,0,0,0.3301
0.19,8.67,6.49,2.31,3.81,0,0,0.0498
8.67,5.32,1.86,5.01,4.58,0,0,0.0107
5.29,3.34,3.93,1.57,3.47,0,0,0.3126
9.78,5.01,8.12,6.26,8.79,0,1,0.5926
5.55,2.8,1.52,8.97,6.57,1,1,0.6529
6.12,6.26,2.27,2.4,1.53,0,0,0.4549
5.42,2.07,1.39,5.41,8.0,0,0,0.1545
5.24,1.35,9.96,9.76,1.45,0,0,0.4586
5.57,9.49,1.18,3.18,8.8,0,0,0.3827
4.14,4.11,4.43,9.34,8.94,0,0,0.1369
1.07,1.85,7.62,6.12,2.67,0,0,0.1155
6.87,3.59,6.88,4.77,5.02,0,0,0.3560
8.52,4.91,1.38,1.93,0.32,0,0,0.0075
4.13,7.42,9.88,7.58,0.66,0,0,0.4928
4.9,3.25,4.58,2.47,4.05,1,1,0.7941
3.13,6.12,7.42,5.94,5.25,0,0,0.3935
4.52,8.27,0.42,9.96,5.19,0,0,0.3676
5.16,6.31,0.49,2.91,3.98,0,0,0.4138
4.22,6.13,0.55,5.17,1.42,0,0,0.2258
1.13,7.79,9.38,6.96,1.35,0,0,0.2254
5.9,7.13,2.02,4.55,2.5,0,0,0.4536
7.18,1.24,1.14,4.49,3.63,0,0,0.1920
5.12,9.5,3.79,3.81,7.68,0,0,0.2827
1.5,8.69,1.79,7.12,4.2,0,0,0.3843
6.26,1.18,1.32,2.03,6.23,0,0,0.2293
5.44,0.06,8.83,2.38,5.89,0,1,0.7949
6.0,2.45,5.47,6.2,5.58,0,1,0.9755
6.53,0.37,8.54,6.67,8.38,0,1,0.5398
4.17,1.78,6.72,6.11,6.92,0,0,0.3937
4.55,5.79,9.31,0.93,2.99,0,1,0.8105
4.27,5.5,2.93,1.35,6.95,0,0,0.2635
6.96,6.12,1.09,7.3,6.29,0,0,0.2418
9.34,9.86,2.87,6.09,3.16,0,0,0.4975
1.3,5.63,5.2,6.32,4.93,1,1,0.7438
9.79,0.02,0.24,6.25,1.18,0,0,0.3998
4.14,3.34,5.6,6.38,0.11,0,0,0.1408
3.08,5.07,3.24,0.06,6.86,0,0,0.3622
0.29,1.76,3.31,3.38,6.72,0,0,0.3986
4.81,6.27,8.92,5.37,3.35,0,0,0.2070
8.35,2.99,7.25,3.16,5.36,0,0,0.3427
8.88,3.54,9.7,2.8,0.31,0,0,0.3133
5.71,3.9,5.95,8.65,7.52,0,1,0.8428
4.14,4.97,2.38,4.52,9.51,0,1,0.8488
7.85,7.78,9.13,4.44,0.25,0,0,0.2500
9.24,7.32,5.24,7.76,1.43,0,0,0.4111
6.77,1.33,7.25,4.59,7.14,0,0,0.0021
6.87,5.94,0.87,4.67,0.46,0,0,0.3295
5.78,3.12,8.92,3.21,1.93,0,0,0.1596
1.18,1.49,2.74,0.15,6.23,0,0,0.1033
3.18,1.42,7.04,2.83,2.45,1,1,0.7453
4.44,1.3,4.71,6.75,1.06,1,1,0.6706
5.96,5.93,8.36,6.99,6.16,0,0,0.4087
6.71,5.33,9.74,7.56,4.66,1,1,0.8251
4.68,4.56,6.84,7.1,4.65,0,0,0.1119
6.17,9.13,3.92,7.0,6.65,0,0,0.4412
0.3,4.75,3.51,4.61,1.71,0,1,0.6978
1.03,8.18,7.97,3.26,6.49,0,0,0.2664
4.13,6.21,5.48,9.74,3.84,0,0,0.4070
7.84,4.35,7.87,5.45,2.36,0,0,0.0389
5.74,4.87,5.92,4.63,5.55,0,0,0.0881
0.7,1.09,8.14,7.71,3.79,0,1,0.6699
8.17,8.87,9.03,6.36,0.0,1,1,0.5597
3.9,5.78,1.96,6.82,3.17,0,0,0.4566
9.43,4.35,9.83,3.44,0.89,1,1,0.8946
1.28,2.94,3.69,5.49,0.53,0,0,0.4104
8.61,8.66,2.35,7.02,3.94,0,0,0.1914
5.45,6.62,4.75,1.88,3.85,0,0,0.4200
9.97,6.7,1.34,0.72,0.16,0,0,0.2434
9.9,0.85,6.42,4.16,4.56,0,0,0.3022
1.8,5.09,5.52,4.5,3.55,1,1,0.7418
8.47,2.37,5.02,4.11,5.46,0,0,0.4891
7.05,1.13,4.82,6.9,1.42,0,0,0.4918
7.79,4.65,0.78,8.9,0.88,0,0,0.3708
0.78,6.34,7.98,3.12,0.53,0,0,0.3893
5.13,4.69,7.34,4.21,9.61,0,1,0.8554
9.23,7.49,7.27,5.64,0.61,0,1,0.9155
9.9,8.09,6.24,2.87,0.83,0,0,0.4257
1.33,2.81,8.58,0.14,1.12,1,1,0.7367
4.47,8.08,2.61,7.01,4.85,0,0,0.4310
0.84,1.45,9.34,1.54,4.96,0,0,0.3852
4.4,6.38,2.11,7.34,3.45,0,1,0.6223
1.68,3.99,3.01,7.46,7.52,0,0,0.1899
4.75,1.45,8.7,0.12,9.27,0,0,0.3392
6.83,0.41,9.18,6.37,9.56,0,0,0.4590
3.35,2.67,0.98,6.54,3.91,0,0,0.3745
5.89,1.95,3.37,6.9,1.8,0,0,0.3364
0.12,0.98,1.04,4.46,2.19,0,1,0.9035
0.92,9.39,6.57,8.35,9.5,0,1,0.6460
8.56,1.3,6.56,9.0,5.66,0,0,0.4480
2.53,4.67,9.36,6.39,9.23,0,0,0.2135
7.7,3.23,1.62,0.74,7.77,0,1,0.8337
9.56,2.65,4.41,4.92,9.29,0,0,0.0892
1.44,7.69,2.18,6.43,9.13,0,1,0.9484
5.71,2.51,4.46,8.97,1.49,0,0,0.4664
2.66,7.0,9.05,5.75,5.15,0,0,0.2453
8.44,7.81,7.85,5.4,0.03,0,0,0.4090
5.67,9.35,3.59,6.82,4.01,0,1,0.5206
5.35,9.61,0.8,4.6,7.67,0,1,0.9117
3.84,1.91,6.96,8.96,6.31,0,0,0.0424
7.35,1.4,1.93,7.2,5.93,0,0,0.0315
3.08,5.34,8.34,4.49,9.96,1,1,0.5224
0.43,1.18,8.07,6.67,4.58,0,1,0.5629
5.79,9.25,0.37,1.42,6.54,0,1,0.5410
7.01,1.31,1.72,0.5,3.07,0,0,0.2281
5.91,8.18,1.06,4.97,7.99,0,0,0.4022
8.12,9.82,6.78,3.24,9.76,0,0,0.0687
7.93,7.64,5.93,3.36,1.21,1,1,0.6661
5.53,4.39,9.26,0.41,1.0,0,0,0.3062
0.16,4.87,0.06,1.79,0.89,0,0,0.4435
8.07,7.73,6.92,2.06,6.4,0,0,0.2060
6.11,0.38,1.8,5.0,9.5,0,0,0.3913
0.05,2.36,1.18,5.3,0.96,0,0,0.3806
2.19,7.7,6.59,2.76,1.94,0,0,0.3426
4.74,1.76,6.7,0.43,6.45,0,0,0.2173
8.05,7.58,0.43,7.4,9.25,1,1,0.8142
1.16,8.95,7.21,5.93,3.26,1,1,0.7707
7.79,3.26,0.98,7.38,8.7,0,0,0.1103
4.84,8.9,1.45,9.28,4.55,0,0,0.0682
6.32,9.76,2.02,1.27,6.92,1,1,0.5546
4.59,1.71,3.44,8.86,6.04,0,0,0.3190
1.7,9.7,8.55,0.86,8.57,0,0,0.4978
8.37,2.79,7.3,7.36,2.47,0,0,0.2897
5.92,1.49,5.74,0.05,9.8,1,1,0.6883
0.34,5.31,4.79,7.98,8.21,0,0,0.1203
0.12,7.32,9.5,1.33,2.96,0,0,0.0454
3.05,7.03,8.58,7.47,0.24,0,0,0.3859
4.05,7.9,3.7,4.64,6.33,0,0,0.0353
3.33,0.33,4.26,2.7,9.46,0,0,0.3972
0.81,8.81,7.36,0.55,9.45,0,1,0.5560
3.66,6.19,3.66,1.75,5.59,1,1,0.7837
9.81,2.39,1.14,4.78,9.39,0,0,0.4796
7.45,2.25,3.53,2.67,6.8,0,0,0.0317
4.86,5.27,1.23,7.1,6.78,0,0,0.1461
8.0,9.45,8.09,9.41,0.66,0,1,0.7711
8.98,2.88,9.57,1.09,2.76,0,0,0.2482
5.21,6.27,2.93,9.7,5.41,1,1,0.6387
6.45,2.92,0.63,8.72,2.32,0,0,0.3223
3.43,6.46,3.26,5.93,6.97,0,0,0.2226
1.32,7.89,1.72,2.6,4.84,0,1,0.6151
3.53,4.56,1.66,9.24,7.12,0,0,0.4866
6.93,6.66,1.53,2.38,0.41,0,0,0.0632
1.84,5.62,0.35,3.17,3.44,0,0,0.2699
3.02,9.2,4.05,4.99,1.45,0,1,0.8399
7.38,9.76,3.31,7.05,4.74,0,0,0.4720
5.74,1.47,5.65,9.07,4.42,0,0,0.3658
1.39,5.51,3.08,4.02,8.41,0,1,0.9538
6.41,5.83,2.22,9.36,2.78,1,1,0.7154
6.72,0.87,5.12,1.94,3.18,0,0,0.4717
3.61,1.48,8.54,3.7,3.73,0,0,0.1757
8.74,0.88,7.28,4.44,9.93,0,0,0.1443
9.7,4.24,8.96,1.4,5.87,1,1,0.5831
8.68,9.87,0.66,9.6,7.56,1,1,0.6638
4.15,5.56,7.1,7.55,1.37,1,1,0.6527
0.42,8.26,8.35,3.04,5.59,0,1,0.9866
2.63,9.56,8.34,4.73,6.54,0,0,0.2086
6.88,2.45,1.19,2.77,9.94,1,1,0.7982
5.66,8.68,6.28,4.76,6.94,1,1,0.7050
8.45,1.63,0.59,3.2,8.78,1,1,0.5653
4.2,9.12,3.56,2.9,5.3,0,0,0.2569
1.83,0.95,7.53,5.44,8.72,0,0,0.3425
6.85,6.88,0.96,5.8,8.23,1,1,0.7073
4.85,3.4,9.11,1.02,1.55,0,0,0.0942
6.13,8.31,5.26,5.32,5.51,0,0,0.0570
0.76,8.19,9.23,4.8,3.12,0,0,0.4085
5.98,7.64,3.42,7.1,0.29,0,0,0.1112
1.42,2.27,1.25,1.3,0.79,0,1,0.6080
7.75,7.57,0.43,1.08,7.93,0,1,0.9704
2.53,0.66,6.68,7.55,7.82,0,0,0.1027
1.85,3.52,0.91,8.46,9.42,0,0,0.1739
5.01,7.29,2.42,5.7,0.99,0,0,0.0070
1.92,2.82,9.02,5.37,9.74,1,1,0.5856
7.08,3.66,5.89,4.4,9.58,1,1,0.6419
2.14,2.28,1.13,9.85,1.24,1,1,0.5544
7.05,5.57,0.41,3.28,1.16,0,0,0.3002
9.76,4.44,5.54,2.91,8.55,1,1,0.5278
4.76,6.79,1.79,9.99,4.92,1,1,0.6752
0.85,1.43,4.01,5.91,1.02,0,1,0.5111
9.75,3.39,5.95,9.91,1.23,0,0,0.3626
7.13,5.82,2.73,7.89,6.44,0,0,0.2379
4.04,4.85,2.79,7.68,1.08,0,0,0.2486
1.35,1.0,0.53,0.68,6.78,0,0,0.1913
1.53,6.22,0.96,0.77,7.52,0,0,0.3964
6.62,4.9,2.62,3.44,8.6,0,1,0.5237
4.3,9.15,3.84,3.15,3.76,0,0,0.0164
8.6,3.03,7.06,4.91,1.34,0,1,0.7563
6.75,6.6,6.85,5.72,4.76,0,0,0.2533
4.95,9.71,6.17,3.53,9.78,0,1,0.9859
8.37,3.49,7.42,0.27,8.91,0,0,0.0487
3.57,3.51,6.61,2.48,6.48,0,1,0.5448
3.05,3.38,0.2,3.26,4.61,0,0,0.2840
2.67,6.96,5.88,9.86,3.78,0,0,0.2863
1.0,6.75,3.36,5.03,7.65,0,0,0.3074
4.36,4.97,8.47,7.87,8.4,0,1,0.8563
9.96,4.02,2.26,7.43,0.92,0,0,0.0474
0.67,8.01,4.75,2.1,7.96,0,0,0.1509
4.33,5.4,2.0,4.02,6.25,0,0,0.3817
0.19,7.03,8.63,5.77,2.13,0,0,0.3711
9.37,5.33,6.14,7.69,4.34,0,0,0.3134
3.64,1.48,1.5,6.85,3.0,0,0,0.1593
0.64,2.04,4.12,8.24,6.46,0,0,0.3006
1.14,1.92,2.46,8.27,4.64,0,0,0.2181
0.37,1.59,1.36,2.58,8.04,0,0,0.0880
9.64,4.86,0.2,8.6,0.84,0,0,0.4336
4.07,3.63,6.57,0.9,9.43,0,1,0.9297
7.34,9.33,5.22,8.29,9.5,0,0,0.1259
2.38,1.22,8.07,3.29,5.84,0,0,0.3742
4.23,1.44,1.75,9.7,4.39,0,0,0.2947
3.75,9.49,3.16,4.24,6.83,0,0,0.4397
3.63,7.16,8.21,0.21,9.67,0,0,0.4207
9.41,6.91,7.89,2.4,5.53,0,0,0.4792
8.12,1.22,8.67,8.58,3.88,0,0,0.1965
2.56,0.9,8.23,2.35,2.1,0,0,0.4579
8.79,7.67,4.06,0.34,8.66,0,0,0.4702
4.13,8.41,7.17,8.77,8.2,0,0,0.3492
3.52,6.02,8.13,7.38,4.53,1,1,0.5208
6.3,7.91,1.36,4.01,6.28,0,0,0.0411
5.16,9.7,8.31,7.63,8.47,0,0,0.3963
4.78,7.35,2.61,6.87,8.27,0,0,0.0993
1.82,8.76,9.45,8.84,2.24,0,0,0.4616
6.27,9.07,9.74,1.98,7.01,1,1,0.6604
2.6,0.89,3.68,9.47,1.17,0,0,0.2176
4.54,6.74,1.19,7.14,1.91,0,0,0.3911
4.94,1.3,8.56,6.0,9.95,0,0,0.3386
4.09,1.46,2.9,2.62,6.18,0,0,0.1848
4.58,0.1,1.33,3.23,6.93,0,0,0.3567
7.36,2.56,0.95,0.59,3.33,0,0,0.4541
9.39,9.67,5.98,7.48,0.46,0,0,0.3098
3.95,3.71,9.68,5.6,5.8,0,0,0.2519
8.78,1.32,3.17,5.3,1.42,1,0,0.4823
8.72,8.35,7.48,9.26,2.83,0,0,0.3065
2.64,3.13,8.93,3.16,9.95,0,0,0.0756
6.57,7.98,0.53,1.49,2.3,1,1,0.6041
4.36,9.95,9.27,0.41,3.57,0,0,0.2426
8.46,8.67,1.24,0.94,8.68,1,1,0.5673
2.73,8.91,5.86,5.84,9.72,0,0,0.2854
0.77,7.68,6.77,8.87,0.26,0,0,0.3403
5.9,9.51,8.37,1.54,0.81,0,0,0.3298
9.55,5.94,0.06,9.7,6.56,0,0,0.1625
7.34,9.57,5.69,2.11,0.49,0,1,0.8384
0.71,9.52,3.81,3.99,1.78,0,1,0.5672
8.52,1.63,7.79,2.85,7.53,0,0,0.0603
4.32,8.06,3.1,6.85,1.31,0,0,0.4160
4.9,8.85,4.76,5.63,4.23,0,0,0.4055
4.34,4.26,0.4,3.42,4.64,0,0,0.3431
4.95,6.3,5.25,2.91,4.37,0,1,0.7612
1.28,9.03,8.42,5.23,2.95,1,0,0.4694
1.08,4.25,0.94,6.61,5.68,0,1,0.8726
5.03,1.14,6.62,1.8,1.82,0,0,0.0416
2.98,5.87,4.55,6.7,6.24,0,0,0.4834
1.87,1.85,7.47,6.04,8.72,1,0,0.2862
1.17,1.72,4.77,6.92,8.69,0,0,0.3009
6.18,9.74,3.61,6.74,6.9,0,1,0.8487
0.14,1.12,0.16,9.71,8.59,0,0,0.3243
4.36,6.26,7.9,1.91,3.01,0,1,0.7630
1.66,1.52,7.03,9.64,4.71,0,0,0.2926
5.69,8.34,0.51,0.08,6.3,0,0,0.4897
7.37,5.96,5.54,2.91,4.87,0,0,0.2955
6.79,8.17,4.88,7.14,5.28,0,1,0.8421
8.93,4.17,4.73,4.95,9.39,0,1,0.6512
2.88,1.92,3.44,2.32,2.2,0,0,0.1696
8.42,6.57,1.31,2.93,7.11,0,0,0.4165
7.35,7.96,8.0,8.45,6.22,0,0,0.3746
1.29,1.99,6.06,1.01,4.16,0,0,0.1518
0.47,0.18,8.81,3.57,1.59,0,1,0.5528
0.64,4.31,6.18,1.21,2.24,0,0,0.1702
0.47,8.78,2.67,1.51,6.9,0,0,0.3347
9.27,4.38,4.57,8.42,1.11,1,1,0.7442
9.47,8.24,0.42,1.05,6.3,0,0,0.4555
2.92,4.42,5.06,7.33,0.99,0,1,0.8327
8.49,4.39,4.16,7.69,2.45,0,0,0.1707
0.85,3.72,7.55,3.61,6.65,1,1,0.8014
2.28,8.02,4.13,4.09,4.59,0,0,0.3973
0.3,1.46,0.1,8.06,9.44,1,1,0.6259
1.64,0.61,7.59,6.6,6.41,0,0,0.0289
7.13,6.6,5.2,2.96,4.02,0,0,0.2768
7.43,9.09,0.08,2.8,5.28,0,0,0.3501
2.05,5.44,7.88,6.52,6.97,0,0,0.3908
1.97,3.02,0.37,3.34,7.25,0,0,0.0630
2.84,0.93,5.52,5.21,7.57,1,1,0.5112
5.93,2.41,7.74,7.27,9.87,1,1,0.5240
6.27,3.54,0.48,6.51,1.25,0,0,0.3684
9.83,8.05,9.89,5.66,8.94,0,0,0.2666
3.5,2.85,7.85,7.15,6.72,0,0,0.2598
3.28,5.82,8.23,3.61,0.98,0,1,0.5858
0.62,8.89,4.76,4.46,3.69,0,0,0.2941
3.95,2.64,4.99,4.23,4.4,0,0,0.2448
8.24,1.44,1.27,7.11,1.29,0,1,0.5684
2.13,4.73,7.46,9.44,3.69,0,0,0.3008
1.21,5.72,0.4,1.53,3.71,0,0,0.1516
7.91,1.42,5.9,0.49,8.94,0,0,0.1078
4.89,1.22,3.49,8.7,4.18,0,0,0.2829
7.81,4.75,7.2,6.06,7.62,0,0,0.2305
4.49,8.66,3.25,8.0,6.65,0,0,0.1164
5.41,9.58,8.9,7.36,6.46,0,0,0.3536
7.96,7.07,5.61,1.24,5.59,1,1,0.7475
0.53,5.7,1.89,4.76,8.97,1,1,0.8745
0.19,7.87,2.45,7.06,8.88,0,0,0.4035
4.02,0.45,8.62,0.23,4.37,0,0,0.4298
2.57,1.15,0.99,1.68,1.44,0,0,0.0448
4.07,1.69,6.14,3.25,0.27,1,1,0.6560
4.13,3.24,3.76,8.28,1.21,0,0,0.3761
4.93,7.52,3.85,1.15,0.61,0,0,0.2035
4.07,2.34,8.86,2.69,9.63,0,0,0.1232
7.85,3.05,4.07,0.84,6.36,0,0,0.4840
9.85,7.82,5.38,4.24,9.11,0,0,0.0005
8.29,2.89,9.72,0.01,9.34,0,0,0.2989
3.8,3.51,6.32,5.85,5.1,1,1,0.7957
3.01,3.95,1.23,1.4,5.56,0,0,0.2160
9.57,3.18,6.82,3.43,2.61,0,0,0.2264
9.83,3.42,4.6,6.0,0.16,0,1,0.6768
4.77,9.01,6.73,4.13,8.95,0,0,0.3812
7.87,6.49,0.78,0.31,8.32,0,0,0.3361
8.13,8.27,3.58,1.77,7.68,0,0,0.0042
9.36,4.45,2.22,0.2,2.81,0,1,0.8211
6.13,3.03,7.18,2.34,4.94,0,0,0.1404
7.07,2.09,1.96,8.21,3.96,0,0,0.2846
5.52,6.6,5.66,6.82,5.65,1,0,0.4487
2.6,5.7,2.28,5.23,7.82,1,1,0.7712
6.93,5.33,2.53,5.6,4.54,0,0,0.3205
0.52,9.39,4.33,9.95,2.74,0,0,0.2333
7.59,8.84,2.25,2.78,4.2,0,0,0.0026
0.82,5.72,0.25,7.37,9.78,0,0,0.0372
1.64,3.11,6.26,0.97,4.8,0,0,0.2963
3.34,2.5,1.08,2.38,3.41,1,1,0.6334
9.44,7.76,6.2,7.64,6.25,0,1,0.9572
0.33,3.13,8.48,0.65,1.28,0,0,0.2210
6.26,0.66,6.78,5.59,2.95,0,0,0.0479
2.33,6.0,6.6,0.11,3.84,0,0,0.4400
3.4,9.38,7.83,4.54,3.28,1,1,0.5411
0.68,7.89,1.94,5.73,6.37,0,0,0.2105
4.45,2.43,7.97,0.6,3.12,0,0,0.4799
3.11,8.85,7.75,1.47,3.09,0,1,0.8156
5.86,6.78,0.57,5.07,8.35,0,0,0.2110
2.0,9.09,7.85,3.42,6.68,0,0,0.4910
3.31,5.78,9.63,6.16,4.19,1,1,0.6817
0.42,2.19,0.04,2.23,2.3,0,0,0.1195
9.53,3.32,7.4,2.05,1.84,0,1,0.8186
0.3,1.15,2.91,1.94,5.86,0,1,0.9780
1.98,1.74,8.85,7.19,3.4,0,1,0.9107
8.43,9.11,0.21,6.77,3.79,0,0,0.0555
3.05,2.4,8.09,6.61,9.41,0,0,0.4988
8.78,0.65,1.44,9.24,7.95,1,1,0.6513
6.0,9.77,2.45,0.46,6.16,1,1,0.7142
3.28,0.53,7.96,8.73,8.52,0,0,0.4429
0.81,4.71,6.64,0.65,5.09,0,0,0.3225
4.99,4.64,3.22,3.74,6.95,0,0,0.2474
4.01,9.21,5.84,0.37,2.2,0,0,0.4316
3.06,8.89,5.71,9.35,3.74,0,1,0.9328
4.45,3.52,5.84,4.65,6.21,0,0,0.2338
8.05,3.17,3.82,1.8,2.34,0,1,0.8205
8.43,5.13,6.44,7.86,9.27,1,0,0.4715
2.0,1.97,3.29,3.03,8.16,0,0,0.1372
9.98,9.98,7.52,7.4,9.12,1,1,0.6198
7.83,4.04,4.06,5.8,6.55,0,0,0.2563
1.49,3.98,2.27,7.49,4.74,0,0,0.3930
7.23,4.61,7.92,3.13,1.88,0,0,0.3490
4.5,5.58,3.75,5.78,1.28,0,0,0.0048
8.34,3.4,4.19,6.86,4.03,0,0,0.2688
0.23,7.85,9.22,1.54,9.53,0,0,0.3149
6.08,8.67,9.8,2.04,3.91,0,1,0.9058
5.7,4.52,8.95,0.93,1.04,0,0,0.0160
4.89,1.87,0.69,9.63,2.84,0,1,0.6702
0.57,5.19,1.72,8.6,4.11,1,1,0.5443
4.78,0.69,9.55,8.66,1.3,0,0,0.2161
4.75,6.04,9.39,5.87,5.02,0,1,0.8623
1.43,0.64,3.99,8.08,5.26,0,0,0.4396
5.76,7.37,2.88,8.81,4.56,0,0,0.3558
6.13,8.1,1.75,2.49,9.0,0,0,0.2289
1.83,5.69,3.94,9.46,2.4,0,0,0.1369
2.92,9.16,6.98,7.22,2.17,0,0,0.4962
9.95,0.77,1.05,7.67,3.26,0,0,0.1264
4.62,0.73,6.94,7.5,3.81,0,0,0.4279
0.11,1.15,9.17,3.27,7.49,0,0,0.0341
2.42,9.5,1.4,8.2,8.42,1,0,0.4928
2.94,5.35,3.91,0.78,7.64,0,0,0.0767
2.17,0.34,6.75,2.16,6.97,0,0,0.4058
7.16,8.97,3.91,3.08,0.52,1,1,0.8090
9.29,3.75,2.39,0.91,4.22,0,0,0.1686
6.69,2.21,8.82,7.97,8.3,1,1,0.5668
1.08,3.27,5.62,1.9,2.07,0,1,0.5305
2.14,3.57,1.74,4.02,3.16,0,1,0.7706
8.15,6.5,3.69,0.67,2.19,0,0,0.2994
1.02,5.36,9.91,8.5,1.71,0,0,0.2999
6.96,6.78,9.72,6.94,3.32,0,0,0.4420
8.52,4.82,3.35,6.09,5.85,0,0,0.3203
5.87,9.88,2.33,6.16,8.97,0,0,0.3690
6.2,0.6,3.75,2.97,1.52,0,0,0.0190
5.98,9.46,7.39,3.29,2.78,0,0,0.3802
9.78,6.48,2.88,0.24,8.47,0,0,0.1211
9.07,6.65,2.48,6.87,7.2,0,0,0.1907
4.42,0.06,8.7,0.7,1.92,0,0,0.0708
0.92,5.93,8.31,9.32,2.36,1,1,0.7900
7.22,2.45,1.76,2.49,2.85,0,0,0.3178
7.81,0.8,9.73,3.98,1.68,0,0,0.2526
7.6,8.2,7.94,0.2,3.81,0,0,0.3794
5.95,1.53,7.27,2.57,4.64,0,0,0.1876
0.72,1.37,4.69,1.55,1.9,1,1,0.7003
4.91,9.26,9.4,9.7,3.73,0,0,0.3205
4.09,0.39,9.22,3.85,5.66,1,1,0.6745
9.13,7.22,5.1,4.89,6.88,0,0,0.3255
7.36,2.42,0.35,8.13,6.31,0,0,0.3487
2.61,4.55,6.81,2.54,6.02,0,1,0.5792
7.71,6.44,9.17,3.98,5.86,0,0,0.2593
4.23,8.3,2.53,3.02,9.68,0,0,0.1914
4.12,8.76,7.28,0.89,6.36,0,1,0.8278
7.49,9.3,3.98,3.08,9.87,0,1,0.9992
6.96,5.25,6.55,7.33,1.71,0,0,0.3520
1.82,9.48,4.51,8.14,1.86,1,1,0.5731